,address_line,approved_contractor,domestic_installer,email,name,pat,post_code,post_town,start_of_post_code,telephone,url
0,108 Holywell Hill,0,1,marchorton77@gmail.com,Marc Horton Electrical,0,AL1 1DH,St. Albans,AL1,07813 772946,
1,101 Sopwell Lane,1,1,matt@staticelectricalservices.com,Static Electrical Services Ltd,1,AL1 1RN,St Albans,AL1,07963560776,www.staticelectricalservices.com
2,"Flat 1,14 Prospect Road",0,1,info@db-renovations.co.uk,D B Renovations Ltd,0,AL1 2AX,St Albans,AL1,07882472056,
3,14 Liverpool Road,1,1,jimmy_atkinson@hotmail.com,Electrical Technology UK Ltd,1,AL1 3UJ,St. Albans,AL1,,
4,"Park Villa,60 Stanhope Road",1,1,orders@solutionstadltd.com,Solutions Tad Ltd,1,AL1 5BL,St Albans,AL1,01923 856 978,www.solutionstadltd.com
5,22 Kenton Gardens,0,1,tminstallationsltd@yahoo.co.uk,TM Installations Ltd,0,AL1 1JS,St Albans,AL1,07940001789,
6,134 Dellfield,0,1,pmccallion@talktalk.net,Celmain Limited,0,AL1 5HB,St. Albans,AL1,01727 867614,
7,1 Kempe Close,0,1,brennan.electrical.uk@gmail.com,Brennan Electrical,0,AL1 2NZ,St.Albans,AL1,07776375161,
8,"New Barnes Mill,Cottonmill Lane",1,1,Harry@hollywell.co.uk,Hollywell Building Services Ltd,1,AL1 2HA,St. Albans,AL1,01727 810555,
9,1 Woodstock Road North,1,1,antonleto22@outlook.com,ADL Electrical,1,AL1 4QB,St. Albans,AL1,07810771020,
10,39 Salisbury Avenue,0,1,craigajoyce@hotmail.co.uk,Craig Joyce,0,AL1 4TZ,St. Albans,AL1,07941504853,
11,2 Burleigh Road,1,1,info@deen-electrical.co.uk,Deen Electrical Services Limited,1,AL1 5DH,St. Albans,AL1,07845038846,www.deen-electrical.co.uk
12,61 The Park,1,1,david.b@dmbelectrical.com,DMB Electrical Solutions Ltd,1,AL1 4RX,St Albans,AL1,,
13,25 Napsbury Park,1,1,info@ddservicesuk.com,D D Services,1,AL1 1DU,St Albans,AL1,07961744336,
14,88 Stockbreach Road,1,1,whbelectrical@aol.com,W H B Electrical Ltd,1,AL10 0BE,Hatfield,AL10,07876406923,
15,98 Old Rectory Drive,1,1,peter@interplanltd.co.uk,Interplan Electrics Ltd,1,AL10 8FE,Hatfield,AL10,01442 217900,www.interplanltd.co.uk
16,"Unit 26,Fiddlebridge Industrial Centre, Lemsford",1,1,info@lec-limited.co.uk,Lightning Electrical Contractors,1,AL10 0DE,Hatfield,AL10,01707 242868,
17,18 - 19 Fiddlebridge Industrial Centre,1,1,admin@elekcell.co.uk,Elekcell UK Ltd,1,AL10 0DE,Hatfield,AL10,01707707180,
18,89 Lemsford Road,1,1,Electriglideltd@gmail.com,ElectriGlide Ltd,1,AL10 0DZ,Hatfield,AL10,07989988097,
19,39 Heathcote Avenue,1,1,oliver.trim@hotmail.com,Oliver Trim Electrical,1,AL10 0RQ,Hatfield,AL10,07981958980,
20,78 Chelwood Avenue,1,1,robin@datamainservices.com,Data Main Services,1,AL10 0RE,Hatfield,AL10,01707 274590,
21,39 Aldykes,1,1,info@lgwelectrical.co.uk,L G W Electrical Ltd,1,AL10 8ED,Hatfield,AL10,07585338801,
22,21 The Pastures,1,1,marius.paduraru@gmail.com,Axis Electrical Contractors,1,AL10 8PB,Hatfield,AL10,07850444257,
23,20 Green Lanes,1,1,terry.tcelectrics@gmail.com,T C Electrical,1,AL10 9JT,Hatfield,AL10,01707262149,
24,10 Holme Close,1,1,info@jobelectricals.co.uk,Job Electricals,1,AL10 9LQ,Hatfield,AL10,07932850351,
25,19 Roe Hill Close,0,1,alanspooner@btinternet.com,A J S Interiors,0,AL10 9JE,Hatfield,AL10,07860910417,
26,"Unit 20, The IO Centre,Hatfield Business Park, Hearle Way",1,1,craig.day@grcl.co.uk,Global Rail Construction Ltd,1,AL10 9EW,Hatfield,AL10,08709904074,www.grcl.co.uk
27,68 Eagle Way,1,1,md.marszalek@googlemail.com,MD-M Electrical Contractors,1,AL10 8RE,Hatfield,AL10,07875529949,
28,"Belgrave House, Hatfield Business Park",1,0,mark.bailey@bouygues-es.co.uk,Bouygues E & S Infrastructure UK Ltd,1,AL10 9TQ,"Frobisher Way, HATFIELD",AL10,01279 645100,www.dwlighting.co.uk
29,15 Summerfield,1,1,nathrich@hotmail.co.uk,Nathan Rich,1,AL10 8LP,Hatfield,AL10,07847697788,
30,37 Tudor Close,1,1,allenward@talk21.com,A & L Property Services,1,AL10 9EJ,Hatfield,AL10,01707266212,
31,"51 Telford Road,London Colney",1,1,gary@aldridge-electrical.co.uk,Aldridge Electrical,1,AL2 1PQ,St. Albans,AL2,01727 750 198,
32,5 North Cottages,0,1,bradshaw.electricalservices@outlook.com,Bradshaw Electrical Services,0,AL2 1AP,St Albans,AL2,07506538979,
33,"Cotlandswick Leisure Centre,341 High Street, London Colney",1,0,satechnical@1life.co.uk,1 Life Management Solutions Ltd,1,AL2 1EB,St. Albans,AL2,01727822447,
34,"17 Alexander Road,London Colney",1,1,jamescbevan@yahoo.com,Brothers Electrical,1,AL2 1HS,St Albans,AL2,07464752871,
35,"Unit 24, Herts Business Centre,Alexander Road, London Colney",1,1,paul.goom@goomelectrical.co.uk,Goom Electrical Ltd,1,AL2 1JG,St. Albans,AL2,07515825581,
36,"Herts Business Centre,Alexander Road, London Colney",1,1,jandjbespoke@gmail.com,J&J Bespoke Electrical Ltd,1,AL2 1JG,St Albans,AL2,07837336423,
37,"Unit 3 Victor House,Barnet Road",1,1,M.simm@specialistelectrical.com,Specialist Electrical Solutions Ltd,1,AL2 1BJ,St Albans,AL2,01727238999,
38,"10a Willowside,London Colney",0,1,twb.electrical@live.co.uk,T W Blackman Electrical Services,0,AL2 1DP,St. Albans,AL2,07704422153,twblackman.co.uk
39,"9 Old Parkbury Lane,Colney Street",0,0,parys.mortimer@portakabin.com,Portaloo Hire Ltd,0,AL2 2DZ,St Albans,AL2,07973257626,
40,65-67 Park Street,1,1,paulinec@watret.co.uk,Watret & Co Ltd,0,AL2 2PE,St. Albans,AL2,01727 873765,
41,42 Mount Drive,1,1,joemoss@sol-projects.com,Sol Projects Ltd,1,AL2 2NU,ST. Albans,AL2,07976102644,www.sol-projects.com
42,"33 Burston Drive,Park Street",0,1,neilfitz@talktalk.net,Fitzgerald Electrical,0,AL2 2HP,St. Albans,AL2,07956 339450,
43,"157 Park Street Lane,Park Street",1,1,tierneyoliver@yahoo.com,Oliver Laurence Electrical Contractor,1,AL2 2AZ,St. Albans,AL2,07946742444,
44,"Nell Gwynne Cottage,Salisbury Hall",1,1,ccbproperties@icloud.com,CCB Properties Ltd,1,AL2 1BU,London Colney,AL2,07427298805,www.ccbproperties.com
45,9 Tippendall Lane,0,1,jeremy.abington@hindlipdesign.com,Hindlip Design Ltd,0,AL2 3HJ,St Albans,AL2,07780911035,www.hindlipdesign.com
46,"Unit 2D, Horseshoe Business Park,Upper Lye Lane",1,1,info@fulcheredwards.co.uk,Fulcher Edwards Ltd,1,AL2 3TA,"Bricket Wood, St Albans",AL2,020 7922 1101,www.fulcheredwards.co.uk
47,511 Watford Road,1,1,darren@db-elec.co.uk,D B Electrical (London) Ltd.,1,AL2 3DU,St. Albans,AL2,01727867927,
48,1 Rose Cottages,1,1,Mam.electrical@live.co.uk,Bricket Wood Electrical Ltd,1,AL2 3PF,Bricket Wood,AL2,07916 117415,
49,10 Rowlatt Drive,1,1,kyle@kgec.co.uk,K G Electrical Contractors,1,AL3 4NB,St Albans,AL3,01727741993,
50,23 Dubrae Close,1,1,andy@a2electrical.co.uk,A2 Electrical Ltd,1,AL3 4JT,ST. ALBANS,AL3,01582 623392,www.designandwire.co.uk
51,77 Batchwood Drive,1,1,info@ege.co.uk,Express Gas and Electrical Ltd,1,AL3 5UF,St. Albans,AL3,01727 537688,www.ege.co.uk
52,191 Beech Road,0,1,andrewmoccia@gmail.com,Andrew Moccia,0,AL3 5AJ,ST. ALBANS,AL3,07931666919,
53,53 Watson Avenue,1,1,israelmanney@hotmail.co.uk,Borough Electrical Limited,1,AL3 5HP,St Albans,AL3,07961029452,
54,"The Garden Office,4 Carnegie Road",1,1,info@gems-electrical.com,Green Electrical and Maintenance Service Ltd,1,AL3 6HL,St Albans,AL3,0208 3416315/08007 569825,www.gems-electrical.com
55,3 Housefield Way,1,1,perry@proformelectrical.co.uk,Proform M&E Services LTD,1,AL4 0GP,St. Albans,AL4,01727812519,
56,58 Marconi Way,1,1,nick.heather@albanelectrical.co.uk,Alban Electrical Services,1,AL4 0JG,St. Albans,AL4,01727856678,www.albanelectrical.co.uk
57,8 Hill End Lane,1,1,neiltagg@aol.com,Neil Tagg,1,AL4 0TY,St. Albans,AL4,01727 760192,
58,399 Hatfield Road,1,1,enquiries@bjbuilders.co.uk,B J Building Services Ltd,1,AL4 0XP,St. Albans,AL4,01727867875,
59,23 Colney Heath Lane,1,1,colinrobinson13@btinternet.com,Robinsons Electrical Services Ltd,1,AL4 0SY,St. Albans,AL4,07780651562,
60,36 Hazelwood Drive,0,1,hooperelectrician@gmail.com,St Albans Sparks,0,AL4 0UW,St Albans,AL4,07815119790,
61,39 Cranbrook Drive,0,1,andyellis1@gmail.com,Andrew Ellis,0,AL4 0SR,St Albans,AL4,07866 504446,
62,Lyon Way,1,1,john.wetherall@giffengroup.co.uk,Giffen Group Ltd,1,AL4 0LQ,St. Albans,AL4,01727 869126,www.giffengroup.co.uk
63,"26 Wistlea Crescent,Colney Heath",1,1,coops.11@hotmail.co.uk,K C Electrical,1,AL4 0NL,St. Albans,AL4,07951051070,
64,35 Elizabeth Court,0,1,info@aaee.co.uk,Alive and Earthed Electrical,0,AL4 9JD,St Albans,AL4,07515409410,www.aaee.co.uk
65,11 The Leys,1,1,christosfestas@gmail.com,Volt and Watt,1,AL4 9HD,St. Albans,AL4,07491009375,
66,50 Kingshill Avenue,1,1,messer686@aol.com,S D M Electrical Installations,1,AL4 9QB,St. Albans,AL4,01727 850749,
67,125 Crabtree Lane,0,1,alan@harpendenelectrical.com,Harpenden Electrical LTD,0,AL5 5RQ,Harpenden,AL5,07944491319,
68,"2 Marlborough Park, Southdown Road",0,1,sales@kitchensltd.co.uk,Kitchens Ltd,0,AL5 1NL,Harpenden,AL5,01582 763 933,
69,6 Knowle Drive,1,1,scottanderson83@hotmail.co.uk,Scott Anderson T/A Harpenden Sparks,1,AL5 1RW,Harpenden,AL5,07860279257,
70,"Unit 17C Centre House,Marlborough Park",1,1,Ollie@ojpoole.co.uk,OJ Poole Electrical Services Ltd,1,AL5 1DZ,Harpenden,AL5,07813389505,
71,64 Overstone Road,1,1,philcourtman64@yahoo.co.uk,P J C Electrical Services South East Ltd,1,AL5 5PJ,Harpenden,AL5,07941545609,
72,"Old Batford Mill, Lower Luton Rd",1,1,service@andrewselectrics.co.uk,Andrews Electrical Contractors Ltd,1,AL5 5BZ,Harpenden,AL5,07899962068,
73,"Unit B, Batford Industrial Estate",1,1,avpeltd@gmail.com,AVP Electrical Ltd,1,AL5 5BZ,Harpenden,AL5,07768743548,
74,103 Station Road,1,1,accounts@deekselectrical.co.uk,Deeks Electrical Contractors Ltd,1,AL5 4UJ,Harpenden,AL5,01582 715072,www.deekselectrical.co.uk
75,20 Burnsall Place,1,1,philtracey@live.com,PJT Electrical,1,AL5 1RS,Harpenden,AL5,07590292335,
76,"6 Kinloch Court,Station Road",1,1,info@electricaltradesmen.com,Electrical Tradesmen Limited,1,AL5 4UE,Harpenden,AL5,07941744479,
77,"1 Waterside,Station Road",0,0,ben@drakesrenewables.com,Drakes Renewables,0,AL5 4US,Harpenden,AL5,07834 319026,
78,"27 Millstone Way, Harpenden",0,1,tristian.francis@hotmail.com,T Francis Electrical,0,AL5 5FE,Hertfordshire,AL5,07818884574,
79,2 Overtrees Hollybush Lane,1,1,info@kiwielectrical.com,Kiwi Electrical Solutions Ltd,1,AL5 4AW,Harpenden,AL5,01582210225,
80,24 Moreton End Lane,0,1,johnbarrett@gmx.com,J Barrett Electrical Services,0,AL5 2HD,Harpenden,AL5,07731808650,
81,"7 Lower Green,Tewin",1,1,info@adenassociates.co.uk,Aden Associates Ltd,1,AL6 0JX,Welwyn,AL6,01438716613,www.adenassociates.co.uk
82,13 Norman Road,0,1,mikebruce23@gmail.com,M R Bruce,0,AL6 9JW,Welwyn,AL6,07799208749,
83,10 Dicket Mead,1,1,info@powercheckuk.com,Power Check UK Ltd,1,AL6 9NX,Welwyn,AL6,07989347304,www.powercheckuk.com
84,7 The Chase,1,1,steve.pugh@live.co.uk,ACJ Electrical Ltd,1,AL6 0QT,Welwyn,AL6,07973887912,
85,39 School Lane,1,1,mike.gutteridge3735@hotmail.com,MG Electrical & Security,1,AL6 9PQ,Welwyn,AL6,01438715087,
86,"Unit 10 , Tewin Court",1,1,cat@cbmelectrical.com,CBM Electrical Contractors Ltd,1,AL7 1AU,Welwyn Garden City,AL7,07886495774,
87,"Unit 11 Garden Court Business Centre,Tewin Road",1,1,bob@easyplanbs.co.uk,Easy Plan Building Solutions Ltd,1,AL7 1BH,Welwyn Garden City,AL7,07841719400,
88,26-28 Hyde Way,1,1,,Mears Ltd,1,AL7 3UQ,Welwyn Garden City,AL7,01843 282170,
89,"Unit 2 Sutherland Court,Sutherland Court, Brownfields",1,1,smarthome@anarkelectrical.co.uk,Anark Electrical,1,AL7 1BJ,Welwyn Garden City,AL7,01707351831,
90,"Unit 8 Bridgegate Centre,Martinfield",1,1,calvinw@jaylec.co.uk,Jaylec Electrical Contractors Ltd,1,AL7 1JG,Welwyn Garden City,AL7,01707390933,www.jaylec.co.uk
91,"Unit 8 Bridgegate Centre,Martinfield, Welwyn Garden City",1,1,Sales@jarrards.co.uk,Jarrards Ltd,1,AL7 1JG,Hertfordshire,AL7,01707323239,
92,60 Bridge Road East,1,1,lee@dineselectrical.co.uk,Dines Electrical Contractors Limited,1,AL7 1JU,Welwyn Garden City,AL7,01707895853,
93,15 - 20 Woodfield Road,1,1,info@willshvacservices.co.uk,Wills HVAC Services Ltd,1,AL7 1JQ,Welwyn Garden City,AL7,07970955379,
94,1 Woodfield Road,1,1,Sam.sheppard@dcukfm.com,Ductclean (UK) Ltd,1,AL7 1JQ,Welwyn Garden City,AL7,08701129196,www.ductclean.co.uk
95,"Tesco House, Shire Park,Kestral Way",1,1,Rob.mann@tesco.com,Tesco Maintenance Ltd,1,AL7 1GA,Welwyn Garden City,AL7,07714492245,
96,15-20 Woodfield Road,1,0,paul.obrien@chapmanventilation.co.uk,Chapman Ventilation Ltd,1,AL7 1JQ,Welwyn Garden City,AL7,07738770357,
97,"Unit 3, Mallow Park,Watchmead",1,1,johnreynolds@marcoe.co.uk,Marcoe Electrical Ltd,1,AL7 1GX,Welwyn Garden City,AL7,01707320572,
98,"Unit 6, Mallow Park,Watchmead, Welwyn Garden City",1,1,adam@aac.uk.net,AAC Service and Maintenance Ltd,0,AL7 1GX,,AL7,01707325566,
99,34 Lodgefield,1,1,pro9electrics@gmail.com,Paul O'Rourke Electrician,1,AL7 1SD,Welwyn Garden City,AL7,07980 655569,
100,"40 Maple Grove,Welwyn Garden City",0,1,greylor37@hotmail.com,James Taylor,0,AL7 1NL,Herts,AL7,07951575976,
101,11 Creswick Court,0,1,bixonpz@gmail.com,Bixon General Building Services,0,AL7 3SX,Welwyn Garden City,AL7,07852904804,
102,"Weltech Centre, Ridgeway",1,1,nicci@phlimited.co.uk,Plowright Hinton Ltd,1,AL7 2AA,Welwyn Garden City,AL7,01707 336969,
103,137 Ludwick Way,1,1,david@dgreen-sparks.co.uk,D Green Sparks,1,AL7 3PN,Welwyn Garden City,AL7,07749558042,
104,59 Rowans,1,1,paulg@stormelectrics.co.uk,Storm Electrics,1,AL7 1NZ,Welwyn Garden City,AL7,07943 118238,
105,18 Gooseacre,0,1,atkpropertymaintenance@hotmail.co.uk,A T K Property Maintenance,0,AL7 4NB,Welwyn Garden City,AL7,01707 391293,
106,22 Hazel Grove,1,1,scott@djjsolutions.co.uk,DJJ Solutions Ltd,1,AL7 2DG,WELWYN GARDEN CITY,AL7,07811390698,
107,9 Grove Meadows,1,1,liam@elecion.net,Elecion Limited,1,AL7 2BE,Welwyn Garden City,AL7,01707328778,
108,24 Fouracres,0,1,baksaltd@gmail.com,Baksa Ltd,0,AL7 4NW,Welwyn Garden City,AL7,07919 256544,
109,55 Archers Ride,1,1,kennoyelectrical@gmail.com,Kennoy Electrical,1,AL7 4PR,Welwyn Garden City,AL7,07545245028,
110,103 Merrifield Court,1,1,sjdealltd@gmail.com,S J Deal Ltd,1,AL7 4SH,WELWYN GARDEN CITY,AL7,07974818070,
111,1 Harebell,1,1,firstcallelectrical-@hotmail.com,First Call Electrical Ltd,1,AL7 4HR,Welwyn Garden City,AL7,07725901947,
112,28 Waterbeach,1,1,wgc.electrics@googlemail.com,W G C Electrics,1,AL7 2PT,Welwyn Garden City,AL7,01707 323831,
113,33 Stirling Way,0,1,mrpelectrical@hotmail.com,MRP Electrical Contractors Ltd,0,AL7 2QA,Welwyn Garden City,AL7,07976798315,
114,43 Longcroft Lane,1,1,ben@inspace.co.uk,Inspace Mechanical & Electrical Ltd,1,AL8 6EB,Welwyn Garden City,AL8,07943509009,
115,73 Guessens Road,0,1,daniel@elliselectricalsolutions.com,Daniel Ellis Electrical Services Ltd,0,AL8 6RE,Welwyn Garden City,AL8,07963778485,elliselectricalsolutions.com
116,"15 Little Dell,Welwyn Garden City",1,1,timtincey@hotmail.com,A1 ENGLISH ELECTRICAL LIMITED,1,AL8 7HZ,HERTS,AL8,07946322294,
117,85 The Vineyard Yard,1,1,lovelectricalservices@outlook.com,Lovelectrical Services Ltd,1,AL8 7PX,WELWYN GARDEN CITY,AL8,07498767380,
118,11 Brooms Close,1,1,jonathanwarne@sky.com,J Warne & Sons,1,AL8 7JA,Welwyn Garden City,AL8,01707 322472,
119,27 Marsden Green,1,1,paul@orchardelectrical.org,Orchard Electrical,1,AL8 6YD,WELWYN GARDEN CITY,AL8,01707333624,
120,4 New Road,1,1,kselectricalltd@btinternet.com,K S Electrical Ltd,1,AL8 7TX,Welwyn Garden City,AL8,01707 336771,
121,26 Great North Road,0,1,tinworthc@aol.com,Christopher Tinworth,0,AL8 7TH,Welwyn Garden City,AL8,01707251302,
122,"Great North Business Centre,82 Great North Road, Hatfield",1,1,adam@nightandday247.co.uk,Night and Day Building Maintenance Ltd,1,AL9 5BL,Hertfordshire,AL9,01920 481100,
123,"Suite D,19-25 Salisbury Square",1,1,j.hackett@datalecltd.co.uk,Datalec Power Installations Ltd,1,AL9 5BT,Hatfield,AL9,01707552171,
124,19 The Holdings,1,1,davidsargent1@hotmail.co.uk,Sargents Electrics,1,AL9 5HH,Hatfield,AL9,07855273737,
125,"Unit 8, Alpha Business Park,Travellers Close, Welham Green, North My",1,1,info@igpa.co.uk,I G P A Services Ltd,0,AL9 7NT,Hatfield,AL9,01707268300,
126,"Travellers Close,Welham Green, North Mymms",1,1,antony@designselc.com,Design Selectric Ltd,1,AL9 7NT,Hatfield,AL9,01707251100,
127,"6 Alpha Business Park,Travellers Close",1,1,marco@ecoheatsolutionsltd.co.uk,Eco Heat Solutions Ltd,1,AL9 7NT,Welham Green,AL9,07903511191,
128,14 Puttocks Close,1,1,mitchelelectricalservices@gmail.com,Mitchel Arnold Electrical Services,1,AL9 7LN,"North Mymms, Hatfield",AL9,07792275328,
129,"44 Holloways Lane,Welham Green, North Mymms",0,1,sshawelectrical@outlook.com,S Shaw Electrical,0,AL9 7NS,Hatfield,AL9,07826545250,
130,"41 Welham Manor,North Mymms",1,1,newburymark@sky.com,M.A.N Power Electrical Solutions,1,AL9 7EL,Hatfield,AL9,01707551108,
131,"13th Floor, Quayside,252-260 Broad Street",1,0,jai.smart@alstomgroup.com,ALSTOM Transport UK Ltd,1,B1 2HF,Birmingham,B1,0121 6075058,
132,"Unit 1,9 Kenyon Steet",1,1,vjchopra@icloud.com,ETME Group Ltd,1,B18 6AR,Birmingham,B1,01216791242,
133,"Granville House,181-187 Moseley Street",1,1,d.eaton@flsltd.com,Fluorescent Lighting Services Ltd,1,B12 0RT,Birmingham,B1,0121 683 1515,
134,"Suite 614F The big Peg,Vyse Street, Hockley",1,1,Jamie@jhelectrical.info,T & D Design & Build Ltd,1,B18 6NF,BIRMINGHAM,B1,01215540147,
135,"49 Canterbury Tower,St. Marks Street",0,1,info.independentpowersevices@gmail.com,I P S LTD,0,B1 2UJ,Birmingham,B1,07846765333,
136,"65 Avoca Court,140 Cheapside",1,1,kieran@ecotechme.co.uk,Ecotech Mechanical & Electrical Solution Solutions,1,B12 0PR,Birmingham,B1,07866557826,www.ecotechgroup.uk
137,"Unit 1, Challenge Park,161-163 Hospital Street",1,0,roy.sharratt@directcontrols.co.uk,Direct Control Systems Ltd,0,B19 3XA,Birmingham,B1,0121 248 3300,
138,66 Hagley Road,1,1,louise.heath@rightio.co.uk,Rightio Limited,1,B16 8PF,Birmingham,B1,01214107000,www.rightio.co.uk
139,"Summer House,74-75 Summer Lane",1,1,tony.mes88@gmail.com,MES Moseley Electrical Services,1,B19 3NG,Birmingham,B1,0121 359 7888,
140,76 Summer Lane,1,1,caroline.lowe@ceslimited.uk.com,Countrywide Electrical Services Ltd,1,B19 3NG,Birmingham,B1,0121 248 1400,www.countrywideelectricalsvs.com
141,276 Monument Road,1,1,info@hylandelectrical.co.uk,J P Hyland Electrical Ltd,1,B16 8XF,Birmingham,B1,01214 542010,www.hylandelectrical.com
142,259 Hospital Street,1,1,enquiry@dhgittins.com,D H Gittins Ltd,1,B19 2YF,Birmingham,B1,07919285837,www.dhgittins.com
143,"219 Bridge Street West,Newtown",1,0,rod.johnson@wingate.co.uk,Wingate Electrical Plc,1,B19 2YU,Birmingham,B1,01213800740,
144,"Unit 2 Oughton Road,Highgate",1,1,moss@rmfconstruction.co.uk,RMF Construction Services Ltd,1,B12 0DF,Birmingham,B1,01214407970,
145,"Unit 7,129 Western Road",1,1,gerard@enterpriseelectrical.co.uk,Enterprise Electrical Services Ltd,1,B18 7QD,"Hockley, Birmingham",B1,0121 507 0602,
146,107-108 Icknield Port Road,1,1,david.kibble@enderbey.co.uk,Enderbey Ltd,1,B16 0AA,"Ladywood, Birmingham",B1,0121 454 6090,
147,"Unit 14, All Saints Industrial Estate,All Saints Street",1,1,warren@mpasselectrical.co.uk,M-Pass Electrical & Heating Ltd,1,B18 7RJ,Birmingham,B1,01215238010,
148,46 Marroway Street,0,1,gussysperin@yahoo.co.uk,G S Electrical,0,B16 0AR,Birmingham,B1,07817 360 156,
149,"5 The Laurels,Marroway Street",0,1,d2delectricalservices@gmail.com,Dusk 2 Dawn Electrical Services,0,B16 0AR,Birmingham,B1,07914536608,
150,"3 George Street,Balsall Heath",1,1,david@dgrovesltd.com,D Groves Ltd,1,B12 9RG,Birmingham,B1,0121 446 6776,
151,"715 Crocodile Works, Alma Street",0,1,shariffeldeen@gmail.com,Smart Switch Electrical Ltd,0,B19 2AG,Birmingham,B1,07773428319,
152,42 Hickman Road,1,1,mzakir42@yahoo.com,ZB Electrical Services Ltd,1,B11 1NE,Birmingham,B1,07425548786,
153,145-150 Brighton Road,1,1,,B N K Construction,1,B12 8QN,Birmingham,B1,01214 491244,
154,66 Grantham Road,1,1,aesmidlands@yahoo.com,Amber Electrical Services,1,B11 1LY,Sparkbrook,B11,07966149864,
155,42 Hickman Road,1,1,mzakir42@yahoo.com,ZB Electrical Services Ltd,1,B11 1NE,Birmingham,B11,07425548786,
156,127 Medlicott Road,1,1,786sparky@gmail.com,Deen Electrical Contractors,1,B11 1UG,Birmingham,B11,07866 883396,
157,150 Durham Road,1,1,Goodguy1984@hotmail.co.uk,Safe Property Services,1,B11 4LJ,Birmingham,B11,07542155946,
158,"14D Old Grange Road,Sparkhill",1,1,zebapm@yahoo.co.uk,APEC Engineers Ltd,1,B11 4LL,Birmingham,B11,07970 889994,
159,"94 Park Road,Sparkhill",1,1,narinder94@gmail.com,Solar RGB Ltd,1,B11 4HB,Birmingham,B11,01217 771125,
160,194 Percy Road,1,1,mtn@electricalfolks.co.uk,The Electrical Folks Ltd,1,B11 3LG,Birmingham,B11,0782 8215455,
161,"126 Formans Road,Sparkhill",1,1,admin@rmdelectrical.net,R M D Electrical Ltd,1,B11 3BD,Birmingham,B11,01217022492,rmdelectrical.net
162,89 Leominster Road,1,1,uk_yasser@yahoo.com,Elite Electrical,1,B11 3BH,Birmingham,B11,07849488219,
163,"Unit 43,Bizspace Business Park, Tyseley",1,1,hammelecuk@yahoo.co.uk,Hammelec Midlands Limited,1,B11 2AL,Birmingham,B11,0121 706 6996,
164,"Unit 45A, Bizspace Business Park,Kings Road, Tyseley",1,1,info@asteriskmaintenance.com,Asterisk Maintenance,1,B11 2AL,Birmingham,B11,01216086098,
165,205 kings Road,1,1,robertwhyte@outlook.com,Calvic Electrical Solutions Ltd,1,B11 2AA,Birmingham,B11,0121 784 2527,
166,205 Kings Road,0,0,co2savers@gmail.com,CO2 Savers,0,B11 2AA,Birmingham,B11,07411319297,
167,"272 Kings Road,Tyseley",0,1,Pindo@metromidland.com,Metro Midland Building Services,0,B11 2AB,Birmingham,B11,01217061616,
168,"272 Kings Rd,Tyseley",1,1,steve@yeselectrical.co.uk,Yardley Electrical Services Ltd,1,B11 2AB,Birmingham,B11,07830220116,
169,"272 Kings Road,Tyseley",0,1,info@panesarbuilderslimited.co.uk,Panesar Builders UK Ltd,0,B11 2AB,Birmingham,B11,07971814130,
170,30 Redfern Road,1,1,granth@powercapacitors.co.uk,Power Capacitors Ltd,0,B11 2BH,Birmingham,B11,0121 708 2811,
171,"Neo Park,Wharfdale Road",1,1,steve.smith@alsuk.com,Air Link Systems Ltd,1,B11 2DF,Birmingham,B11,01216 930511,
172,"65 Avoca Court,140 Cheapside",1,1,kieran@ecotechme.co.uk,Ecotech Mechanical & Electrical Solution Solutions,1,B12 0PR,Birmingham,B12,07866557826,www.ecotechgroup.uk
173,"Granville House,181-187 Moseley Street",1,1,d.eaton@flsltd.com,Fluorescent Lighting Services Ltd,1,B12 0RT,Birmingham,B12,0121 683 1515,
174,"Unit 2 Oughton Road,Highgate",1,1,moss@rmfconstruction.co.uk,RMF Construction Services Ltd,1,B12 0DF,Birmingham,B12,01214407970,
175,"3 George Street,Balsall Heath",1,1,david@dgrovesltd.com,D Groves Ltd,1,B12 9RG,Birmingham,B12,0121 446 6776,
176,145-150 Brighton Road,1,1,,B N K Construction,1,B12 8QN,Birmingham,B12,01214 491244,
177,123 Brighton Road,1,1,mahmoodhussain13@googlemail.com,J&M UK Electrical Services Ltd,1,B12 8QJ,Birmingham,B12,07518498193,
178,"14 Tudor Close, Taylor Road",1,1,neilfair@blueyonder.co.uk,N A Fair Electrical Services Ltd,1,B13 0PD,Birmingham,B13,07976 829214,
179,294a Haunch Lane,1,1,fodenelecon@aol.com,Foden Electrical Contracting,1,B13 0QS,Birmingham,B13,0121 444 1100,www.fodenelectrical.co.uk
180,88 Westridge Road,1,1,smkelectrical@hotmail.co.uk,SMK Electrical,1,B13 0EE,"Moseley, Birmingham",B13,07837782819,
181,402 Wake Green Road,1,1,cunningb2502@msn.com,Barry B Electrical Contractors,1,B13 0BL,Birmingham,B13,07786 607790,
182,55 Silverton Crescent,1,1,hassan@haych.co.uk,Electrical Services,1,B13 9NH,Birmingham,B13,01217 774895,
183,7 Coppice Road,1,1,qasim@qkhan.co.uk,Q Khan Electrical Contractors,1,B13 9DP,Birmingham,B13,01214498838,www.qkhan.co.uk
184,263 Alcester Road South,1,0,service@tbsmech.co.uk,T B S Mechanical & Electrical Design & Build Ltd,1,B14 6DT,Birmingham,B14,0121 693 5575,
185,308 Alcester Road South,1,1,ahmedhossien@hotmail.com,A&A Plumbing & Electrical Contractors Lt d,1,B14 6EN,Birmingham,B14,07773282639,
186,12 Granton Close,1,1,craig@midlandelectrical.net,Midland Electrical Ltd,1,B14 6HE,Birmingham,B14,0121 624 6081,
187,16 Hazelhurst Road,1,1,zeng_w@yahoo.com,Dr Plumber & Gas Engineer,1,B14 7PJ,Birmingham,B14,07946343386,
188,29 Melstock Road,0,1,birminghamelectriciansltd@gmail.com,Birmingham Electricians,0,B14 7ND,Birmingham,B14,07794752103,www.birminghamelectricianuk.co.uk/
189,"41 Poplar Road,Kings Heath",1,1,donna.ashmore@optivo.org.uk,Optivo,1,B14 7AA,Birmingham,B14,0330 123 0220,
190,"66 Balmoral Way,Warstock",1,1,info@plumbtecservices.co.uk,Plumbtec Services Ltd,1,B14 4NT,Birmingham,B14,07740178332,
191,30 Dorstone Covert,1,1,Jcjelectrical@outlook.com,JCJ ELECTRICAL,1,B14 5YH,Birmingham,B14,07872053204,
192,22 Edward Road,1,1,russ@rlelectricalservicesltd.co.uk,R & L Electrical Services Ltd,1,B14 5UA,Birmingham,B14,0121 628 1262,
193,32 Benson road,1,1,simon@greenleafelectricaluk.co.uk,Green Leaf Electrical,1,B14 4PH,Birmingham,B14,07568306836,
194,107-108 Icknield Port Road,1,1,david.kibble@enderbey.co.uk,Enderbey Ltd,1,B16 0AA,"Ladywood, Birmingham",B16,0121 454 6090,
195,46 Marroway Street,0,1,gussysperin@yahoo.co.uk,G S Electrical,0,B16 0AR,Birmingham,B16,07817 360 156,
196,"5 The Laurels,Marroway Street",0,1,d2delectricalservices@gmail.com,Dusk 2 Dawn Electrical Services,0,B16 0AR,Birmingham,B16,07914536608,
197,276 Monument Road,1,1,info@hylandelectrical.co.uk,J P Hyland Electrical Ltd,1,B16 8XF,Birmingham,B16,01214 542010,www.hylandelectrical.com
198,40 Hallewell Road,1,1,volttech3@gmail.com,Volt-tech Electrical Solutions,1,B16 0LR,Birmingham,B16,01214085230,
199,6 Gate Lane,1,1,jaselectricalandheating@hotmail.com,Glow Electrical Heating,1,B16 0NF,Birmingham,B16,07932 532301,
200,"45 Paignton Road,Edgbaston",1,1,amjadkhan71@btinternet.com,EBS Electrical Building Solutions,1,B16 0JX,Birmingham,B16,07469943588,
201,16 Jacey Road,1,1,jogindermatharu@icloud.com,JS Alterations,1,B16 0LL,Birmingham,B16,0121 454 6548,
202,66 Hagley Road,1,1,louise.heath@rightio.co.uk,Rightio Limited,1,B16 8PF,Birmingham,B16,01214107000,www.rightio.co.uk
203,"94 Shenstone Road,Edgbaston",1,1,piendar@yahoo.com,Galaxy Electrical Contractors,1,B16 0NT,Birmingham,B16,07748902159,
204,311 Hagley Road,1,1,pervaze@pnisar.co.uk,Astoria Electrical Services,1,B16 9LQ,Birmingham,B16,07423818878,
205,30 Oaklands Avenue,0,1,2ndcity@blueyonder.co.uk,2nd City Ltd,0,B17 9TU,Birmingham,B17,01214273978,
206,"158 Gordon Road,Harborne",1,1,dean@jdpfireandsecurity.com,J D P Fire & Security Ltd,1,B17 9EY,Birmingham,B17,01214265536,
207,"Unit 5,Wellington Street",1,1,YAndharris@aol.com,Young & Harris Ltd,1,B18 4NN,Birmingham,B18,0121 523 0476,
208,"Unit 7,129 Western Road",1,1,gerard@enterpriseelectrical.co.uk,Enterprise Electrical Services Ltd,1,B18 7QD,"Hockley, Birmingham",B18,0121 507 0602,
209,"Unit 14, All Saints Industrial Estate,All Saints Street",1,1,warren@mpasselectrical.co.uk,M-Pass Electrical & Heating Ltd,1,B18 7RJ,Birmingham,B18,01215238010,
210,"Suite 614F The big Peg,Vyse Street, Hockley",1,1,Jamie@jhelectrical.info,T & D Design & Build Ltd,1,B18 6NF,BIRMINGHAM,B18,01215540147,
211,"Unit 1,9 Kenyon Steet",1,1,vjchopra@icloud.com,ETME Group Ltd,1,B18 6AR,Birmingham,B18,01216791242,
212,"715 Crocodile Works, Alma Street",0,1,shariffeldeen@gmail.com,Smart Switch Electrical Ltd,0,B19 2AG,Birmingham,B19,07773428319,
213,259 Hospital Street,1,1,enquiry@dhgittins.com,D H Gittins Ltd,1,B19 2YF,Birmingham,B19,07919285837,www.dhgittins.com
214,"Unit 1, Challenge Park,161-163 Hospital Street",1,0,roy.sharratt@directcontrols.co.uk,Direct Control Systems Ltd,0,B19 3XA,Birmingham,B19,0121 248 3300,
215,"219 Bridge Street West,Newtown",1,0,rod.johnson@wingate.co.uk,Wingate Electrical Plc,1,B19 2YU,Birmingham,B19,01213800740,
216,"Summer House,74-75 Summer Lane",1,1,tony.mes88@gmail.com,MES Moseley Electrical Services,1,B19 3NG,Birmingham,B19,0121 359 7888,
217,76 Summer Lane,1,1,caroline.lowe@ceslimited.uk.com,Countrywide Electrical Services Ltd,1,B19 3NG,Birmingham,B19,0121 248 1400,www.countrywideelectricalsvs.com
218,"174 Heathfield Road,Handsworth",1,1,aeservices@hotmail.co.uk,A E S Midlands Ltd,1,B19 1JF,Birmingham,B19,0121 682 7931,
219,"The Podium,Bank House, Cherry Street",1,0,mford@ses-ltd.co.uk,SES (Engineering Services) Ltd,1,B2 5AL,Birmingham,B2,0121 616 4350,www.ses-ltd.co.uk
220,"25 Somerset Road,Handsworth",1,1,spklaire@gmail.com,Klaire's Construction's,1,B20 2JE,Birmingham,B20,07976292977,
221,"42 Somerset Road,Handsworth",1,1,,Grissom Electrical Services,1,B20 2JD,Birmingham,B20,0121 523 4515,
222,79 College Road,1,1,uandselectrics@ymail.com,U & S Electrics,1,B20 2JH,Birmingham,B20,07805655910,
223,19 Worlds End Road,1,1,kal.singh@ediinstallations.com,EDI Installations Ltd,1,B20 2NP,Birmingham,B20,0121 515 2247,
224,"66 West Avenue,Handsworth Wood",0,1,info@impulseelectrics.co.uk,Impulse Electrics Ltd,0,B20 2LU,Birmingham,B20,07827966170,
225,36 Inchcape Avenue,1,1,info@essentialtradesltd.com,Essential Trades LTD,1,B20 2LG,Birmingham,B20,07944575474,
226,36 Greenridge Road,1,1,sunnyelectrical@aol.com,Sunny Electrical & Building Contractors,1,B20 1JP,Birmingham,B20,0121 681 7309,
227,"35 Wellington Road,Handsworth",0,1,Sujad.khan@btinternet.com,S K Electrical,0,B20 2DU,Birmingham,B20,01215232601,
228,"15 Trinity Way,Handsworth",1,1,info@electroengineers.co.uk,Electro Engineers Ltd,1,B20 2RF,Birmingham,B20,07984 166214,
229,"6 Nursery Drive,Handsworth",0,1,m.tradesons@gmail.com,MTS Electrical and Plastering,0,B20 2SW,Birmingham,B20,07398528148,
230,2 The Croftway,1,1,sales@mrg-electrical.co.uk,M G Electrical Contractors,1,B20 1EG,Birmingham,B20,0121 686 5317,www.mrgelectrical.com
231,76 Greenway,1,1,twalker@tbwsolutionsltd.co.uk,TBW Solutions Ltd,1,B20 1EQ,Birmingham,B20,07940072069,tbwsolutionsltd.co.uk
232,"5 Charles Road,Handsworth",1,1,cityliving@hotmail.co.uk,City Living,1,B20 3QN,Birmingham,B20,07795168155,
233,"311 Wellington Road,Perry barr",1,1,dannydecon@hotmail.com,Daniel Forbes T/A Decon Electrical Syste,1,B20 2QH,Birmingham,B20,0121 356 0200,
234,223 Birchfield Road,1,1,abzgas@hotmail.co.uk,A B Z Gas & Electrics,1,B20 3DG,Birmingham,B20,0121 3447805,
235,"8 George Street,Handsworth",1,1,enquiries@bobbyselectricals.co.uk,Bobby's Electricals,1,B21 0EG,Birmingham,B21,07886976432,www.bobbyelectricals.co.uk
236,"55, Sandwell Court,Sandwell Road",1,1,,Cityserve Electrical,1,B21 8NN,Birmingham,B21,07486524575,https://cityservelectrical.co.uk
237,"171 Westbourne Road,Handsworth",1,1,usman@teckelectrical.com,Teck Electrical Ltd,1,B21 8AU,Birmingham,B21,07503347422,www.teckelectrical.com
238,177 Booth Street,1,1,martin.king@midlandheart.org.uk,Midland Heart Ltd,1,B21 0NU,Hansworth,B21,07719988698,
239,"30-34 Rookery Road,Handsworth",1,1,philmallin@drewmark.co.uk,Drewmark Building Services Ltd,1,B21 9NB,Birmingham,B21,0121 551 4444,
240,30 Mary Road,0,1,onkar.hde@gmail.com,HDE (UK Limited),0,B21 0RH,"Handsworth, Birmingham",B21,07815868709,
241,33 Scholars Close,1,1,admin@ksrltd.co.uk,KSR CONTRACTORS LTD,1,B21 0UB,Birmingham,B21,07454007733,www.ksrltd.co.uk
242,"Arion Business Centre,Harriet House, 118 High Street",1,1,office@siriuselectricalltd.co.uk,Sirius Electrical Ltd,1,B23 6BG,Birmingham,B23,07973183319,
243,"224-232 High Street,Erdington",1,1,terry.henderson@spie.com,SPIE Facilities Limited,1,B23 6SJ,Birmingham,B23,07787101588,
244,"Faraday Court,85 Summer Road, Erdington",1,1,awood@spectrumem.org.uk,Spectrum Electrical & Mechanical Engineers Ltd,0,B23 6UT,Birmingham,B23,0121 350 9929,
245,1a Johnson Road,1,1,rjelec@tiscali.co.uk,R J Electrical Contracts,0,B23 6PU,Birmingham,B23,0121 382 4480,
246,75 Milverton Road,1,1,m-ryan1@live.co.uk,M W Ryan Electrical Ltd,1,B23 6EZ,Birmingham,B23,07720124241,
247,191 Gravelly Lane,0,1,victorthabani@yahoo.com,Expert Electricians,0,B23 5SG,Birmingham,B23,07827297228,
248,34 Hunton Hill,1,1,www.ish786@live.co.uk,M. I. Electrical,1,B23 7NE,Birmingham,B23,07866 267 822,
249,"Grosvenor House,658 Chester Road",1,1,enquiries@chellelectricalservices.co.uk,Chellserv Limited,1,B23 5TE,"Erdington, Birmingham",B23,07974446658,
250,"656 Chester Road,Erdington",1,1,greg@shiregrove.co.uk,Shiregrove Electrical Services Ltd,1,B23 5TE,Birmingham,B23,07803264136,
251,"16 Crowther Road,Erdington",1,1,rochibbs@googlemail.com,Hibbs Electrics,1,B23 7DL,Birmingham,B23,07791126718,
252,153 Turfpits Lane,1,1,dana_10@hotmail.co.uk,D.S Engineering,1,B23 5EA,Birmingham,B23,07809687830,
253,130 Ivyfield Road,0,1,1stchoiceelectrics.info@mail.com,1st Choice Electrics Ltd,0,B23 7HL,BIRMINGHAM,B23,07871449520,
254,24 Gipsy Lane,0,1,sales@hpelectrics.co.uk,H P Alarms & Electrics,0,B23 7SP,Birmingham,B23,07966 057156,
255,23 Poppy Lane,0,1,cjjonesinstallations@blueyonder.co.uk,CJ Jones Installations Ltd,0,B24 0EJ,Birmingham,B24,01212415963,
256,24 Chestnut Drive,1,1,glcontractorsuk@gmail.com,GL Contractors Ltd,1,B24 0DP,"Erdington, Birmingham",B24,07885992206,
257,887 Chester Road,1,1,info@teslondon.co.uk,Technical Electrical Solutions,1,B24 0BS,BIRMINGHAM,B24,01212410585,www.teslondon.co.uk
258,49 Deakin Road,1,1,ptec01@btinternet.com,Journeyman Electrical Ltd,1,B24 9AL,Birmingham,B24,0121 350 6675,
259,"101 Trafalgar Road,Erdington",1,1,renton_lance@hotmail.com,Trafalgar Electrical Services,1,B24 9AR,Birmingham,B24,07969988676,
260,"900 Chester Road,Erdington",1,1,info@mac-contracting.co.uk,M A C Contracting,1,B24 0BN,Birmingham,B24,07831469058,
261,"8 Spring Lane,Erdington",1,1,mwnewman@blueyonder.co.uk,MTEK Electrical Limited,1,B24 9BU,Birmingham,B24,01213731521,www.dhpconstruction.co.uk
262,"572 Kingsbury Road,Erdington",1,1,admin@fselectricals.co.uk,F & S Electrical,1,B24 9ND,Birmingham,B24,01213821117,
263,1176 Tyburn Road,1,1,Stuart.spencer@outlook.com,S2P Electrical Ltd,1,B24 0TD,Birmingham,B24,07917413810,
264,"720 Kingsbury Road,Erdington",1,1,lloyd@phadams.co.uk,P H Adams (Electrical Contractors) Ltd,1,B24 9PN,Birmingham,B24,0121 382 4422,
265,Unit 18 Key Business Park,1,1,tom.jones@epms2010.com,EPMS 2010,1,B24 9PT,"Kingsbury Road, Birmingham",B24,07969186879,
266,"Suite 1P1 Park Business Centre,Wood Lane, Erdington",1,1,metsltd@hotmail.com,Midland Elite Trade Solutions Ltd,1,B24 9QR,Birmingham,B24,0121 2701070 / 07764 772520,
267,"Unit J22,Hastingwood Industrial Estate",1,1,michael.kerley@me.com,Michael Kerley,1,B24 9QR,Birmingham,B24,07973 672255,
268,"Unit J11 Hastingwood Industrial Park,Wood Lane",1,1,info@myriadelectrical.co.uk,Myriad Electrical Ltd,1,B24 9QR,Birmingham,B24,07545263558,
269,"Unit L1, Tyburn Industrial Estate,Ashold Farm Road",1,1,gary@neweys.co.uk,Newey Installation Ltd,1,B24 9QG,Birmingham,B24,0121 3825181,
270,"76 Hansons Road,Erdington",1,1,equiptelectrical@gmail.com,Equipt Electrical,1,B24 0PA,Birmingham,B24,07794295151,
271,"Labrador, Boughton Road",0,1,cadelectrical@btinternet.com,CAD Electrical,0,B25 8AJ,"Yardley, Birmingham",B25,07711340507,
272,56 Broadyates Road,0,1,s_abdul@hotmail.co.uk,Tesla Electro Tech,0,B25 8JE,Birmingham,B25,07815767896,
273,"359 Yardley Road,Yardley",1,1,scelec35@googlemail.com,S C Elec Services Ltd,1,B25 8NB,Birmingham,B25,07491149080,
274,49 Berkeley Road East,0,1,kimsingh82@gmail.com,S K Electrical Installations,0,B25 8PP,Birmingham,B25,07939701018,
275,66 Redhill Road,1,1,dave@hobdaysolutions.com,Hobday Solutions Ltd,1,B25 8EX,"Yardley, Birmingham",B25,01212187674,
276,31 Francis Road,0,0,Bhslimited15@gmail.com,Baraka Heating Service,0,B25 8HP,Birmingham,B25,07837 540020,
277,10 Derron Avenue,1,1,office@derron.co.uk,Derron Electrical Services Ltd,1,B26 1LA,Birmingham,B26,0121 608 7536,
278,180 Gilbertstone Avenue,1,1,taffy2guns@hotmail.co.uk,Evans Electrical,1,B26 1HS,Birmingham,B26,,
279,70 Brays Road,1,1,edward@b26electrical.co.uk,B26 electrical.co.uk,1,B26 1NS,Birmingham,B26,01217421322,b26electrical.co.uk
280,"Etna House,78 New Coventry Road",1,1,Duncan.smith@ngbailey.co.uk,N G Bailey Limited,1,B26 3AY,Birmingham,B26,0121 771 7171,www.ngbailey.co.uk
281,"81 Brays Road,Sheldon",1,1,infuse.electrical@gmail.com,Infuse Electrical Services,1,B26 1NX,Birmingham,B26,07716487189,
282,26 Benedon Road,1,1,jane.cartledge@blueyonder.co.uk,T.P. Electrical Limited,1,B26 2NJ,Birmingham,B26,01216038278,
283,32 Averill Road,1,1,stephen@britesparx.co.uk,Brite Sparx Electrical Services Ltd,1,B26 2EG,Birmingham,B26,07854925289,
284,"34 Keble Grove,Sheldon",1,1,findonelectrical@gmail.com,Findon Electrical Ltd,1,B26 3DD,Birmingham,B26,07970225506,www.lynx-electrical.co.uk
285,"121 Arden Road,Acocks Green",1,1,tigerred@hotmail.co.uk,Tiger Red Electrical Ltd,1,B27 6AG,Birmingham,B27,07590046667,www.tigerredelectrical.co.uk
286,"108 Yardley Road,Acocks Green",1,1,chris@jcmgroupservices.co.uk,JCM Associates LTD,1,B27 6LG,Birmingham,B27,07976534420,
287,5 Cottesbrook Road,0,1,Knightofficeukltd@gmail.com,Knight Home Systems Ltd,0,B27 6LE,Birmingham,B27,01217922210,
288,29 Victoria Road,0,1,markymark981@yahoo.co.uk,Electrical Boys,0,B27 7XZ,Birmingham,B27,07713244780,www.plumberboys.co.uk
289,233 Woodcock Lane North,1,1,l.b.electrical@hotmail.co.uk,L B Electrical,1,B27 6SE,Birmingham,B27,0121 694 8614,
290,"17 Kings Court School Road,Hall Green",0,1,edenadaptions@googlemail.com,Eden Adaptions Ltd,0,B28 8JG,Birmingham,B28,01212441829,
291,"1301 Stratford Road,Hall Green",1,1,martinarcher@mae-ltd.co.uk,MAE (UK) Ltd,1,B28 9HH,Birmingham,B28,01217020761,
292,"Centre Court,1301 Stratford Road",1,1,contractlaboursolutions@outlook.com,Contract Labour Solutions Ltd,1,B28 9HH,Birmingham,B28,01564200154,
293,26 Painswick Road,0,1,h-sandhu1@hotmail.co.uk,Tru Electrical Services,0,B28 0HF,Birmingham,B28,07546395632,
294,75 Bibury Road,1,1,asimfiaz1995@hotmail.co.uk,One Electrical Services,1,B28 0HG,Birmingham,B28,07771644549,
295,130 School Road,1,1,ram_parmar@hotmail.co.uk,RP Electrical Solutions Birmingham Ltd,1,B28 8JE,Birmingham,B28,07414989717,
296,297 Shaftmoor Lane,0,1,shahw12@yahoo.com,W S Electric,0,B28 8SL,Birmingham,B28,07482394766,
297,26 Ingestre Road,1,1,max2345@hotmail.com,N K Electrical Services,1,B28 9EG,Birmingham,B28,0121 247 3667,
298,"133 Highfield Road,Hall Green",0,1,np.corcoran@hotmail.co.uk,Neil Corcoran,0,B28 0HS,Birmingham,B28,07990832140,
299,"160 Highfield Road,Hall Green",1,1,Anzines@aol.com,4 Point Fire Solutions LTD,1,B28 0HT,Birmingham,B28,07973633762,
300,92 Arkley Road,1,1,kaqureshi71@gmail.com,M K Electrical Contractors,1,B28 9PD,Birmingham,B28,07447408060,
301,66 Doveridge Road,1,1,adrianfantham@yahoo.co.uk,A B Electrical Services,1,B28 0LU,Birmingham,B28,01217456837,
302,54 Sandgate Road,1,1,mike@mtcox-electrical.co.uk,MT Cox Electrical Ltd,1,B28 0UL,Birmingham,B28,07734392608,
303,354 Baldwins Lane,1,1,byrneelec@gmail.com,Byrne Electrical & Buildings Services Ltd,1,B28 0RD,Birmingham,B28,07912296908,
304,68 Gibbins Road,1,1,a.pro.elec.inspections@gmail.com,A-Pro Electrical Inspections,1,B29 6QR,Birmingham,B29,01216 801553,
305,18 Fladbury Crescent,0,1,soheilorange@yahoo.com,Soana Electrical,0,B29 6PH,BIRMINGHAM,B29,07853229214,
306,21 Magnolia Close,0,1,sales@a-d-electricalandsecurity.co.uk,A & D Electrical And Security Ltd,0,B29 4DN,Birmingham,B29,07951166445,
307,Stonebrook Way,1,1,sam.ryan@fortem.co.uk,Fortem Solutions Ltd,1,B29 5UT,Birmingham,B29,01214416254,
308,"Unit C Ludgate Court,57 Water Street",1,0,gmullins@estiloelectrical.co.uk,Estilo Electrical,1,B3 1EP,BIRMINGHAM,B3,08700 627602,
309,"Grosvenor House, 11 St Pauls Square",0,0,jmecoinstallers@gmail.com,JM Eco Installers Ltd,0,B3 1RB,Birmingham,B3,07979990701,
310,"4, Church Court,Cox Street, St Paul's Square",1,1,dan@morrisel.co.uk,Morris Electrical Installations Ltd,1,B3 1RD,Birmingham,B3,07972 797239,
311,"Unit 1, 3 Regal Court, 8 Sovereign Road",1,1,karl.horsburgh@emtecgroup.co.uk,Emtec Building Services (Midlands) Ltd,1,B30 3ES,Birmingham,B30,01215166007,
312,"3-4 Imperial Court,10 Sovereign Road",1,1,tim.collins@sothers.com,Lorne Stewart Plc,1,B30 3FJ,"Kings Norton Business Centre, Birmingham",B30,01215542054,
313,"48 Station Road,Kings Norton",0,1,redforde.electric@gmail.com,Redforde Electrical,0,B30 1DA,Birmingham,B30,07809572654,
314,"Flat 4, 74-76 Middleton Hall Road",1,1,ajmcl@hotmail.co.uk,AJM Electrical Services (Birmingham) Ltd,1,B30 1DG,Birmingham,B30,07827945167,
315,"30-32 Sovereign Road,Kings Norton Business Centre",1,0,phil.macaulay@clearchannel.co.uk,Clear Channel Ltd - Birmingham,0,B30 3HN,Birmingham,B30,07985884160,
316,Kings Norton Business Centre,1,0,arowberry@adiltd.co.uk,ADI Electrical Limited,1,B30 3HX,Birmingham,B30,0121 451 2255,
317,"66 Melchett Road,Kings Norton Business Centre",1,1,kgreen@adiltd.co.uk,ADI Automotive Services Ltd,1,B30 3HX,"Kings Norton, Birmingham",B30,,www.adiltd.co.uk
318,"47 Melchett Road,Kings Norton Business Centre",1,1,graham.francis@stirtech.co.uk,Stirling Technical Engineering Ltd,1,B30 3HP,BIRMINGHAM,B30,01214863600,
319,"Waterside Business Park,1649 - 1652 Pershore Road, Kings Norton",1,1,phil.parry@edsuk.com,E D S (Electrical Data Security) Ltd,1,B30 3DR,Birmingham,B30,01212 130130,www.eds-uk.co.uk
320,75 Lifford Lane,1,1,brian@harrold-jones.co.uk,H J S (Harrold-Jones-Services),1,B30 3JH,Birmingham,B30,0121 486 1929,www.harrold-jones.co.uk
321,335 Mary Vale Road,1,1,athenaelectrical@hotmail.com,Athena Electrical & Construction Ltd,1,B30 1PL,Birmingham,B30,01216805203,
322,88 Newlands Road,1,1,agelectricaltesting@gmail.com,A G Electrical Testing,1,B30 2RH,Birmingham,B30,0121 689 2296,www.agelectricaltesting.co.uk
323,40 Lockton Road,0,1,d.bateman269@gmail.com,Bateman Domestic Installation,0,B30 2UR,Birmingham,B30,07799606864,
324,14 Pinewoods,1,1,info@ch-functionalsolutions.com,C.H Functional Solutions Ltd,1,B31 1XA,"Northfield , BIRMINGHAM",B31,0121 371 9633,www.ch-functionalsolutions.com
325,"53 Senneleys Park Road,Quinton",1,1,jmggibbs@hotmail.com,Gibbs Electrical Services,1,B31 1AE,Birmingham,B31,0121 294 4233,www.elxpert.com
326,"41 Long Mynd Road,Northfield",1,1,Sales@kjkelly.co.uk,K J Kelly (Electrical Contractors) Ltd,1,B31 1HJ,Birmingham,B31,07792801829,
327,34 Clun Road,1,1,cjfielding@hotmail.co.uk,C J Fielding Electrical Services,1,B31 1NU,Birmingham,B31,07854764064,
328,157 St. Heliers Road,0,1,jared.bilton@gmail.com,Bilton Electrical Services & Testing,0,B31 1QP,Birmingham,B31,07760661263,
329,3 Innage Road,1,1,alldrick@blueyonder.co.uk,S A Electrical,1,B31 2DX,Birmingham,B31,0121 624 3778,
330,134 Frankley Beeches Road,1,1,frank@fd-electrical.co.uk,FD Electrical Solutions,1,B31 5LW,Birmingham,B31,07814267332,
331,206 Frankley Beeches Road,1,1,pjelectrical@hotmail.co.uk,P & J Electrical,1,B31 5LY,Birmingham,B31,07779262810,
332,21 Quarry Lane,1,1,cmk89@hotmail.co.uk,Ross Electrical,1,B31 2PZ,Birmingham,B31,0121 475 3462,
333,"47 South Road,Northfield",1,1,decthelec@hotmail.co.uk,D P M Electrical Services Ltd,1,B31 2QZ,Birmingham,B31,0121 475 9247,
334,"31 Mill Lane,Northfield",1,1,michael.ilsley1@gmail.com,Mike Ilsley Electrical Services,1,B31 2RT,Birmingham,B31,01214751245,
335,"2 Dice Pleck,Northfield",0,1,acesj70@hotmail.com,J Austin Services,0,B31 3XW,Birmingham,B31,07866077056,
336,"43 Jackson Way,Quinton",0,1,paul.pgservices@yahoo.com,P G Services,0,B32 1BL,Birmingham,B32,07966 414914,
337,103 Chichester Drive,1,1,gallagherelectrical@outlook.com,Gallagher Electrical,1,B32 1BD,Quinton,B32,07795834490,
338,"11 Ridgeway, Quinton Business Park,Quinton",1,1,morris.wilks@wates.co.uk,G Purchase Construction Ltd,1,B32 1AF,Birmingham,B32,01214232323,
339,"Wates House,11 Ridgeway Quinton Business Park",1,1,morris.wilks@wates.co.uk,Wates Property Services Ltd,1,B32 1AF,Birmingham,B32,07969891049,
340,"215 Quinton Lane,Quinton",1,1,local4electrics@gmail.com,Local 4 Electrics,1,B32 2UD,Birmingham,B32,01216824785,
341,236 West Boulevard,1,1,mr.thomas.carr@hotmail.co.uk,J&J Carr Electrical,1,B32 2BH,Birmingham,B32,07432861818,
342,75 Eddish Road,1,1,emrahelbir@outlook.com,Expert Electrical UK,1,B33 9RN,Birmingham,B33,0800 0076195,
343,90 Lea Ford Road,1,1,peter.williams@cartersynergy.com,Carter Synergy Ltd,0,B33 9TX,Birmingham,B33,0121 250 1330,
344,"Stuart House,Valepits Road",1,1,hr@ccssltd.co.uk,Close Circuit Security Services Ltd,1,B33 0TD,Birmingham,B33,0121 604 4499,
345,"De Virgo House,Valepits Road",1,1,electrical@mic-group.co.uk,MIC Group Ltd,1,B33 0TD,Birmingham,B33,08001804563,www.mic-group.co.uk
346,"Unit 3 Granby Business Park,Granby Avenue, Garrets Green",1,1,emssparkys@aol.com,E M S West Midlands Ltd,1,B33 0TJ,Birmingham,B33,07958938121,www.emswestmidlandsltd.co.uk
347,"4 Tile Cross Trading Estate,Tile Cross Road",0,1,info@pdjbs-ltd.co.uk,PDJ Building & Roofing Services Ltd,0,B33 0NW,Birmingham,B33,0121 2421851,
348,376a Gressel Lane,1,1,info@djwrightelectrical.co.uk,D J Wright Electrical Contractor Ltd,1,B33 9UX,Birmingham,B33,0121 779 2061,
349,8 Ketton Grove,0,1,mahelectrical@mail.com,M A H Electrical,0,B33 0PZ,Birmingham,B33,01216286968,
350,"Unit 2 Stechford Trading Estate,Lyndon Road ,Stechford",1,1,tsr.electrical@hotmail.co.uk,TSR Electrical Ltd,1,B33 8BU,Birmingham,B33,07835023367,
351,48 Old Farm Road,1,1,gayle.electrical@yahoo.co.uk,Gayle Electrical Ltd,1,B33 9HJ,Birmingham,B33,0121 608 0299,
352,220 Wyndhurst Road,0,1,nick@ne-electrical-services.co.uk,N E Electrical Services,0,B33 9DN,Birmingham,B33,01212448549,www.ne-electrical-services.co.uk
353,222 Stechford Road,0,1,sim.lodhi@blueyonder.co.uk,SIM Services,0,B34 6BL,Birmingham,B34,01217 831962,
354,10 Flamborough Close,0,0,info@mscheating.com,MSC Heating Limited,0,B34 6LX,Birmingham,B34,08454967041,
355,34 Moorfield Road,1,1,jsp.elec.r@gmail.com,JSP Electrical Ltd,1,B34 6QY,Birmingham,B34,07876 566788,www.jspelctrical.co.uk
356,42 Wheldrake Avenue,1,1,Derekwhitehouse1@virginmedia.com,D D W Electrical Contractor,1,B34 6TX,Birmingham,B34,07958531675,
357,"1087 Kingsbury Road,Castle Vale",1,1,,Skerritt Electrical Ltd,1,B35 6AJ,Birmingham,B35,01217 765710,
358,35 Watton Green,0,1,martinmckeown83@sky.com,I M Electrical,0,B35 7JS,Birmingham,B35,07860662148,
359,"Unit B4 OYO Business Unit,187 Park Lane",1,1,Stuart.jackson1@btinternet.com,A J Electrics (Coleshill) Ltd,1,B35 6AN,Birmingham,B35,07843556154,
360,"UNIT D3,Castle Vale Enterprise Park, Park Lane",1,1,admin@qeiltd.co.uk,Quality Electrical Installations Ltd,1,B35 6LJ,Birmingham,B35,07940 378502,www.qeiltd.co.uk
361,"37 Springfield Road,Castle Bromwich",1,1,arelectrical01@gmail.com,A R Electrical,1,B36 0DS,Birmingham,B36,07846869914,
362,279 Chester Road,1,1,matt.currydcm@outlook.com,DCM Contractors Ltd,1,B36 0ET,Birmingham,B36,07399523535,
363,57 Water Orton Road,1,1,,J & K Home Improvements,1,B36 9EY,Birmingham,B36,0121 748 5971,
364,"103 Park Hall Crescent,Castle Bromwich",1,1,camlec1985@gmail.com,Camlec,1,B36 9SU,Birmingham,B36,01217 494546,
365,164 Wyckham Road,1,1,lescath@hotmail.co.uk,Castle Electrical Services,1,B36 0HU,Birmingham,B36,0121 749 2815,
366,"37-38 The Green,Castle Bromwich",1,1,rob.ordish@demma.co.uk,Demma Group Ltd,1,B36 9AL,Birmingham,B36,01217491212,www.demma.co.uk
367,"39B The Green,Castle Bromwich",1,1,info@necoelectrical.com,Neco Electrical,1,B36 9AL,Birmingham,B36,03335778803,
368,121 Blandford Avenue,0,1,leon.williams@sky.com,Law Electrical,0,B36 9JD,Birmingham,B36,07957322789,
369,"13 Chestnut Drive,Castle Bromwich",1,1,scottradford888@gmail.com,Radford Installations,1,B36 9BH,Birmingham,B36,07867675588,
370,"29 Chester Road,Castle Bromwich",1,1,kevin@gf2uk.co.uk,GF2 Electrical Ltd,1,B36 9DA,Birmingham,B36,0121 748 7264,
371,11 Kingsleigh Drive,1,1,sterlinguk@live.co.uk,Sterling UK Installations LTD,1,B36 9DQ,BIRMINGHAM,B36,07951930370,
372,102 Windward Way,1,1,info@partonelectricalservices.co.uk,Parton Electrical Services LTD,1,B36 0PF,Birmingham,B36,07852941904,
373,124 Coleshill Road,1,1,accounts@bjelectricalservices.co.uk,B J Electrical Services,1,B36 8AD,Birmingham,B36,01217831154,www.bjelectricalservices.co.uk
374,65 Douglas Avenue,1,1,g.bonner@virgin.net,G B Electrical Services,1,B36 8EN,Birmingham,B36,07774801126,www.glbelec.co.uk
375,158 Cooks Lane,1,1,darrall@dr-electricalservices.com,D R Electrical Services,1,B37 6NP,Birmingham,B37,0121 7703790,
376,50 Worcester Walk,0,1,chris@merestone-electrical.co.uk,Merestone Electrical,0,B37 5NZ,"Marston Green, Birmingham",B37,07523753685,
377,"Unit 4, Burhill Way",1,1,richard@rhelectricalservices.co.uk,R H Electrical Services Ltd,1,B37 6RF,Birmingham,B37,01217707251,
378,"Epson House,82 Dunster Road, Chelmsley Wood",1,1,david.wilson@lakeruk.com,Laker Building Management Solutions Ltd,1,B37 7UW,Birmingham,B37,024 76841770,
379,37 Gilson Way,1,1,info@burntoutelectricalservices.co.uk,Burntout Electrical Services Ltd,1,B37 6BE,Birmingham,B37,07730354026,
380,25 Hemlingford Road,0,1,diversesparks@gmail.com,Diverse Sparks Ltd,0,B37 6DJ,Birmingham,B37,0121 240 8338,
381,10 Kite Green Close,1,1,denniscoton@btinternet.com,D.A.C Electrical Services,1,B37 6UP,Birmingham,B37,07813644630,
382,"Enterprise House Chelmunds Cross,1 Headingham Grove, Chelmsey Wood",1,1,sales@myelectricsservices.com,My Electrics Services Ltd,1,B37 7TP,"Birmingham, West Midlands",B37,0121 3660219,
383,"16 Raglan Way,Birmingham",1,1,greencraig3@gmail.com,GEM,1,B37 7TB,West Midlands,B37,07913663260,
384,"Lindon House,51 Elmdon Lane",1,1,rtelectrical@blueyonder.co.uk,RT Electrical & Computing Installations Ltd,1,B37 7DL,"Marston Green, Birmingham",B37,07966613608,
385,"114 Elmdon Lane,Marston Green",0,1,scpropdev@hotmail.co.uk,SGC Properties,0,B37 7EG,BIRMINGHAM,B37,0121 2469827,
386,"121 Elmdon Lane,Marston Green",1,1,Admin@citytechelectrical.co.uk,City Tech Electrical Ltd,1,B37 7DN,Birmingham,B37,07837935618,
387,"8 Ashfield Lane,Marston Green",1,1,lozcluney@aol.com,L P Cluney,1,B37 7FP,Birmingham,B37,0121 770 2532/ 07973 348797,
388,"3100 Park Square, Solihull Parkway,Birmingham Business Park",1,0,Brian.McCormack@imtechinviron.co.uk,Imtech Inviron Ltd,1,B37 7YN,Birmingham,B37,0121 779 7005,www.inviron.co.uk
389,"Units 2222 - 2226,The Crescent, Birmingham Business Park",1,1,wgordon@diamond-fs.com,Diamond Facilities Support Ltd,1,B37 7YE,Birmingham,B37,01675463900,
390,"2430 Regents Court,The Crescent, Brimingham Bussiness Park",1,1,Ian.lambert@regalme.co.uk,Regal Mechanical and Electrical Services,1,B37 7YE,Birminham,B37,07712895343,
391,"1310 Solihull Parkway,Birmingham Business Park",1,1,info@awfelectricalcontractors.co.uk,AWF Electrical Contractors ltd,1,B37 7YB,Birmingham,B37,07388320050,www.awfelectricalcontractors.co.uk
392,"Unit 3, Elmdon Trading Estate,Bickenhill Lane",1,0,chelsea.partridge@actemium.co.uk,Actemium Birmingham,1,B37 7HE,Birmingham,B37,0121 250 6000,
393,"Ardath Road,Birmingham",0,0,accounts@sixstargroup.com,Six Star Insulation Ltd,0,B38 9PN,West Midlands,B38,07958 357995,
394,"Unit 1,Ardath Road",1,1,malcolm@eachwayservices.co.uk,Luzco Ltd,1,B38 9PJ,Birmingham,B38,01214863695,www.eachwayservices.co.uk
395,21 Owens Croft,1,1,reza_tasuji@yahoo.co.uk,R.M.P Electrical & Security Services,1,B38 9AF,"Kings Norton, Birmingham",B38,07883975889,
396,"Sisefield Road,Kings Norton",1,1,info@ubitec.co.uk,UBITEC,1,B38 9BG,Birmingham,B38,01214549007,
397,1 Stone Close,1,1,pauldennyelectrical@blueyonder.co.uk,Paul Denny Electrical Ltd,1,B38 8QR,Birmingham,B38,07989268135,www.pauldennyelectrical.co.uk
398,19 Beaks Hill Road,0,1,paulsutton701@aol.com,Sutton Rental & Developments Ltd,0,B38 8BJ,Birmingham,B38,07968556162,
399,48 Granshaw Close,0,1,stevensonpropertyservices@blueyonder.co.uk,Stevenson Property Services Ltd,0,B38 8RA,Birmingham,B38,0121 628 1365,
400,62 Granshaw Close,0,1,rdmmaintenance@btinternet.com,R D M Maintenance,0,B38 8RA,Birmingham,B38,07545915669,
401,"46 Granshaw Close,Kings Norton",0,1,andybragg.electrical@hotmail.co.uk,Andrew Bragg,0,B38 8RA,Birmingham,B38,07811156896,
402,9 Redgate Close,1,1,p.forward@talktalk.net,Forward Contractors,1,B38 8YT,Birmingham,B38,07970269875,
403,9 Lydbrook Covert,1,1,ppcelectricalservices@gmail.com,PPC Electrical Services,1,B38 9TB,Birmingham,B38,07886 940 391,
404,"12 Calverley Road,Kings Norton",0,1,n.g.caulfieldelectrical@gmail.com,Harvest Oak Property Services,0,B38 8PW,Birmingham,B38,07975662130,
405,"156 Edgewood Road,Kings Norton",1,1,buildlecbirmingham@gmail.com,Buildlec Birmingham,1,B38 9RR,Birmingham,B38,07896519317,
406,"Unit 7, Great Barr Business Park,Baltimore Road",1,1,phil@philtech.com,Philtech Installations,1,B42 1DY,"Great Barr, Birmingham",B42,07973424919,
407,"Unit 1 Great Barr Business Park,Baltimore Road, Great Barr",1,1,remond.cosgrove@centralpower.co.uk,Central Power Ltd,1,B42 1DY,Birmingham,B42,,
408,"262 Rocky Lane,Perry Barr",1,1,cwcrookselectricals@gmail.com,C W Crooks Electrical,1,B42 1QX,Birmingham,B42,0121 357 7146,
409,103 Thornbridge Avenue,1,1,phil@secmidlandsltd.co.uk,S E C (Midlands) Ltd,1,B42 2AB,Birmingham,B42,01213 577237,
410,"107 Beeches Road,Great Bath",1,1,jasonyates155@msn.com,J Y Electrical,1,B42 2HL,Birmingham,B42,01527 837646,
411,50 Foden Road,0,1,jim.heating2009@btinternet.com,Heating & Domestic Services,0,B42 2EW,Birmingham,B42,01213578115,
412,22 Cathel Drive,0,1,info@positive-electrics.co.uk,Positive Electrics UK Limited,0,B42 1HH,Birmingham,B42,07944 950815,
413,"254 Appleton Avenue,Great Barr",1,1,balwinder@suraelectrical.com,Sura Electrical Ltd,1,B43 5QD,Birmingham,B43,07765241831,
414,18 Hembs Crescent,0,1,ekam17@hotmail.com,E S A Electrical,0,B43 5DQ,Birmingham,B43,07934705444,
415,1 Calverton Grove,1,1,darren.scruton@talktalk.net,DS Electrical Services,1,B43 5SD,Birmingham,B43,01213 583752,
416,"313 Hamstead Road,Great Barr",1,1,kenroyelectrics@yahoo.co.uk,Kenroy Electrics,1,B43 5TB,Birmingham,B43,07545477679,
417,27 Langdale Road,1,1,ashfaq-electricalengineer@hotmail.co.uk,Ashfaq Electrical Engineer,1,B43 5RB,Birmingham,B43,0121 357 2934,
418,8 Barrhill Close,1,1,qaderinasir@gmail.com,Pamir Electrics,1,B43 6LS,Birmingham,B43,07505144926,
419,8 Greenhill Gardens,1,1,nick.hob@hotmail.co.uk,Hobs Electrical,1,B43 7TB,Birmingham,B43,07855958231,
420,"345 Birmingham Road,Great Barr",1,1,amankc200@yahoo.co.uk,Mohan Singh,1,B43 7AR,Birmingham,B43,07774296500,
421,599 - 603 College Road,1,1,chris.govey@engie.com,ENGIE Regeneration Limited,1,B44 0AY,Birmingham,B44,01992 786634,
422,53 Elswick Road,1,1,pearcemccann2@hotmail.com,PME Installations,1,B44 0JG,Birmingham,B44,07446885899,
423,5 Wrekin Road,1,1,info@phcontracts.co.uk,P & H Contracts,1,B44 8HB,Birmingham,B44,07456927686,
424,24 Darleydale Avenue,1,1,mhmelectrical@hotmail.co.uk,MHM Electrical,1,B44 9UP,Birmingham,B44,07816824394,
425,38 Fairbourne Avenue,0,1,kdavis785@googlemail.com,"S & K Kitchens, Bathroom and Electrical Services",0,B44 9AN,Birmingham,B44,07956931792,
426,74 Dormington Road,1,1,dmelectricalcontractors@gmail.com,DM Electrical Contractors,1,B44 9LG,"Kingstanding, Birmingham",B44,07506746680,
427,"11, Paper Mill End,Great Barr",1,0,rod.surman@cpl-group.co.uk,CPL Service Response Ltd,1,B44 8NH,Birmingham,B44,0800 1182503,
428,"1230 Aldridge Road,Great Barr",1,1,j638edwards@outlook.com,J E Electrical Services,1,B44 8PE,Birmingham,B44,0121 360 0220,
429,"28 Grange Crescent,Rubery, Rednal",1,1,gesltd@sky.com,Grange Electrical Services Ltd,1,B45 9XB,Birmingham,B45,01214538660,
430,42 Grange Crescent,0,1,malpalmer@blueyonder.co.uk,Palmer Plumbing & Building Services Ltd,0,B45 9XB,Rubery,B45,01214 536846,
431,"13 Stockhill Drive, Rednal",0,1,bglelectrical@hotmail.co.uk,BGL Electrical,0,B45 9XU,Birmingham,B45,07738105800,
432,"17 Belmont Road,Rednal",1,1,petegates99@gmail.com,P J Electrical,1,B45 9LN,Birmingham,B45,0121 453 5304,
433,"15 Saville Close,Rednal",0,1,Ammoniteelectrical@gmail.com,Ammonite Electrical Services,0,B45 8EN,Birmingham,B45,07568326999,www.ammoniteelectrical.com
434,"1760 Bristol Road South,Rednal",1,1,ludlowbarringtonstewart@live.co.uk,Ludlow Electrical (Midlands) Ltd,1,B45 9PF,Birmingham,B45,0121 411 1182,
435,"75 Cliff Rock Road,Rednal",0,1,jonhillhill@yahoo.co.uk,Elite Electricals,0,B45 8QF,Birmingham,B45,0121 453 4002,
436,133 Cliff Rock Road,1,1,jermaine.mcintosh@water-spark.co.uk,Water Spark Property Services (Midlands),1,B45 8QF,Birmingham,B45,07794961688,www.wefix247.co.uk
437,"1730-1732 Bristol Road South,Rednal",1,1,post@idselectrical.co.uk,I D S Electrical Ltd,1,B45 9QB,Birmingham,B45,0121 453 7846,
438,"502 Lickey Road,Cofton Hackett",1,1,enquiries@the-arrow-group.co.uk,Arrow Services (Midlands) Ltd,1,B45 8UU,Birmingham,B45,01214577232,www.the-arrow-group.co.uk
439,"464 Groveley Lane,Cofton Hackett",0,1,robertblunn@btinternet.com,R B Electrical,0,B45 8UQ,Birmingham,B45,01214455842,
440,"40 Reservoir Road, Cofton Hackett",1,1,linnettelectrical@gmail.com,Linnett Electrical Services Limited,1,B45 8PN,"Birmingham, West Midlands",B45,07885635523,
441,"92-94 High Street,Coleshill",1,1,allroundelectric@aol.com,Allround Electrical Services Ltd,1,B46 3BL,North Warwickshire,B46,01675466996 / 07973 265708,
442,"Chantry House, High Street,Coleshill",1,1,frank@gwelectrical.services,GW Electrical Services Ltd,1,B46 3BP,Birmingham,B46,01675430412,
443,"52 Lichfield Road,Coleshill",0,1,cole_endelectrical@yahoo.co.uk,Cole End Electrical,0,B46 1EQ,BIRMINGHAM,B46,07859039414,
444,"Stewart Court,21 Coventry Road, Coleshill",0,0,stephensnow@stewartsplumbing.co.uk,Stewarts Plumbing & Heating Ltd,0,B46 3BB,Birmingham,B46,01675 489480,
445,"Wayside Gilson Road, Coleshill",1,1,deanattridge7650@gmail.com,Attease Construction And Property Manage,1,B46 1LN,"Birmingham, Warwickshire",B46,07932601699,
446,"Coleshill Manor Office Campus,South Drive, Coleshill",1,1,,King & Moffatt Electrical Ltd,1,B46 1DL,BIRMINGHAM,B46,01675465318,http://www.kingmoffatt.com/
447,"Unit 19, Roman Way,Coleshill Industrial Estate",1,1,Jas.Sahota@mitie.com,MITIE Ltd Electrical,1,B46 1HQ,Coleshill,B46,,
448,"Unit 19, Coleshill Ind Est,Roman Way, Coleshill",1,0,Darren.Smith@mitie.com,MITIE Ltd,1,B46 1HQ,Birmingham,B46,01675 464014,
449,"Envirotech House,26 Roman Way, Coleshill",1,1,info@envirotechltd.co.uk,Envirotech Building Services Ltd,1,B46 1HQ,Coleshill,B46,03456718271,
450,"Unit 12, The Courtyard,Roman Way",1,1,darren.smith@mitie.com,MITIE Engineering Services Ltd,1,B46 1HQ,Coleshill,B46,07584217166,
451,"20 Chattle Hill,Lichfield Road",0,1,glencharters@hotmail.co.uk,Bellow Alarms & Electrical,0,B46 1LB,Birmingham,B46,01675592011,
452,"127 Coleshill Road,Water Orton",1,1,mj.electrical@btinternet.com,M J Electric's,1,B46 1QD,Birmingham,B46,07891427577,
453,"15 Edward Road,Water Orton",1,1,mgmelectrics@yahoo.co.uk,M G M Electrics,1,B46 1PG,Birmingham,B46,01215744746,
454,"9 Station Road,Whitacre Heath",1,1,julie@blytheelectrical.co.uk,Blythe Electrical (Warwickshire) Ltd,1,B46 2JA,Birmingham,B46,01675464009,
455,"18 Dark Lane,Hollywood",0,1,mattharper1973@me.com,M P Harper Electrical,0,B47 5BT,Birmingham,B47,0121 4308817,
456,"12 Windrush Road,Hollywood",1,1,mpj-electrical@outlook.com,MPJ Electrical,1,B47 5QA,Birmingham,B47,07876236806,www.mpj-electrical.co.uk
457,"26 Windrush Road,Hollywood",0,1,a_peers@yahoo.com,Solihull Electrical Solutions,0,B47 5QA,Birmingham,B47,07900686531,
458,"21 Richmond Close,Hollywood",1,1,chequerselectric@aol.com,Chequers Electric Ltd,1,B47 5QD,Birmingham,B47,0121 474 2487,
459,9 Truemans Heath Lane,0,1,kes.enquiries@live.co.uk,Core Wiring Solutions Ltd,0,B47 5QE,Birmingham,B47,07908634630,
460,"53 Sycamore Drive,Hollywood",1,1,ian.j.dixon@btinternet.com,Dixon Electrical Installation and Maintenance Services,1,B47 5QX,Birmingham,B47,01564824118,
461,"103 Houndsfield Lane,Wythall",1,1,v.davieselectrical@yahoo.co.uk,V Davies Electrical,1,B47 6LX,Birmingham,B47,0121 430 8481,
462,"2 Houndsfield Lane,Wythall",1,1,info@iwantsands.co.uk,Sands Plumbing & Electrical Ltd,1,B47 6LX,Birmingham,B47,01564 700352,www.iwantsands.co.uk
463,"24 Selsdon Close,Wythall",0,1,sales@nuvokitchens.co.uk,Robert Hampton,0,B47 6HP,Birmingham,B47,07722081833,
464,"Carillon House,Chapel Lane, Wythall",1,1,mark.harvey@ims-me.co.uk,IMS Mechanical & Electrical Ltd,1,B47 6JX,Birmingham,B47,01564 821630,
465,"Chapel Lane,Wythall",0,0,Chris.harvey@imseco.co.uk,IMS Energy Services Ltd,0,B47 6JX,Birminghan,B47,01564 821630,
466,"Shepherds Croft, Radford Road,Alvechurch",1,1,jpl.electrical@blueyonder.co.uk,JPL Electrical Ltd,1,B48 7DY,Birmingham,B48,0121 604 6701,
